{"cameraMode":{"drawMode":0,"name":"Shaded","section":"Shading Mode"},"sceneLighting":false,"audioPlay":false,"sceneViewState":{"showFog":true,"showMaterialUpdate":false,"showSkybox":false,"showFlares":true,"showImageEffects":true,"showParticleSystems":true,"showVisualEffectGraphs":true,"m_FxEnabled":true},"in2DMode":false,"pivot":{"x":-0.009864892810583115,"y":-0.0061400532722473148,"z":-0.0377417728304863},"rotation":{"x":-0.08408835530281067,"y":0.9155169725418091,"z":-0.26376020908355715,"w":-0.2919440269470215},"size":0.11903917789459229,"orthographic":false}