{"cameraMode":{"drawMode":0,"name":"Shaded","section":"Shading Mode"},"sceneLighting":true,"audioPlay":false,"sceneViewState":{"showFog":true,"showMaterialUpdate":false,"showSkybox":true,"showFlares":true,"showImageEffects":true,"showParticleSystems":true,"showVisualEffectGraphs":true,"m_FxEnabled":true},"in2DMode":false,"pivot":{"x":0.8060678243637085,"y":0.03798079490661621,"z":-0.8936104774475098},"rotation":{"x":-0.031468167901039126,"y":0.9641541242599487,"z":-0.22708268463611604,"w":-0.13360869884490968},"size":2.394014835357666,"orthographic":false}