{"cameraMode":{"drawMode":0,"name":"Shaded","section":"Shading Mode"},"sceneLighting":true,"audioPlay":false,"sceneViewState":{"showFog":true,"showMaterialUpdate":false,"showSkybox":true,"showFlares":true,"showImageEffects":true,"showParticleSystems":true,"showVisualEffectGraphs":true,"m_FxEnabled":true},"in2DMode":false,"pivot":{"x":-1.8839601278305054,"y":0.7655123472213745,"z":5.056547164916992},"rotation":{"x":-0.040195439010858539,"y":0.1190461590886116,"z":-0.004854618106037378,"w":-0.9920874834060669},"size":2.317469596862793,"orthographic":false}