{"cameraMode":{"drawMode":0,"name":"Shaded","section":"Shading Mode"},"sceneLighting":true,"audioPlay":false,"sceneViewState":{"showFog":true,"showMaterialUpdate":false,"showSkybox":true,"showFlares":true,"showImageEffects":true,"showParticleSystems":true,"showVisualEffectGraphs":true,"m_FxEnabled":true},"in2DMode":false,"pivot":{"x":2.5668387413024904,"y":0.24109089374542237,"z":3.5985593795776369},"rotation":{"x":-0.11286089569330216,"y":-0.25396397709846499,"z":0.029819002375006677,"w":-0.960168719291687},"size":3.5174694061279299,"orthographic":false}