{"cameraMode":{"drawMode":0,"name":"Shaded","section":"Shading Mode"},"sceneLighting":true,"audioPlay":false,"sceneViewState":{"showFog":true,"showMaterialUpdate":false,"showSkybox":true,"showFlares":true,"showImageEffects":true,"showParticleSystems":true,"showVisualEffectGraphs":true,"m_FxEnabled":true},"in2DMode":false,"pivot":{"x":-0.2914634943008423,"y":1.324824333190918,"z":5.5215678215026859},"rotation":{"x":-0.11286089569330216,"y":-0.25396397709846499,"z":0.029819002375006677,"w":-0.960168719291687},"size":5.6174702644348148,"orthographic":false}