{"cameraMode":{"drawMode":0,"name":"Shaded","section":"Shading Mode"},"sceneLighting":false,"audioPlay":false,"sceneViewState":{"showFog":true,"showMaterialUpdate":false,"showSkybox":false,"showFlares":true,"showImageEffects":true,"showParticleSystems":true,"showVisualEffectGraphs":true,"m_FxEnabled":true},"in2DMode":false,"pivot":{"x":-0.030422169715166093,"y":1.3086892366409302,"z":3.036780595779419},"rotation":{"x":-0.08408835530281067,"y":0.9155169725418091,"z":-0.26376020908355715,"w":-0.2919440269470215},"size":0.2442360818386078,"orthographic":false}