{"cameraMode":{"drawMode":0,"name":"Shaded","section":"Shading Mode"},"sceneLighting":false,"audioPlay":false,"sceneViewState":{"showFog":true,"showMaterialUpdate":false,"showSkybox":false,"showFlares":true,"showImageEffects":true,"showParticleSystems":true,"showVisualEffectGraphs":true,"m_FxEnabled":true},"in2DMode":false,"pivot":{"x":-0.10710544884204865,"y":-0.08321377635002136,"z":-0.13827061653137208},"rotation":{"x":-0.00032056545023806393,"y":-0.9640939235687256,"z":0.2655867338180542,"w":-0.0011642638128250838},"size":0.24352926015853883,"orthographic":false}