{"cameraMode":{"drawMode":0,"name":"Shaded","section":"Shading Mode"},"sceneLighting":false,"audioPlay":false,"sceneViewState":{"showFog":true,"showMaterialUpdate":false,"showSkybox":false,"showFlares":true,"showImageEffects":true,"showParticleSystems":true,"showVisualEffectGraphs":true,"m_FxEnabled":true},"in2DMode":false,"pivot":{"x":0.030422169715166093,"y":-0.026310786604881288,"z":-0.036780551075935367},"rotation":{"x":-0.04165850207209587,"y":0.9401357173919678,"z":-0.3144850432872772,"w":-0.12453533709049225},"size":0.5442360639572144,"orthographic":false}